rider_id,name,phone_num
1,Nina Hintz Sr.,560.815.3059
,Kaia Klocko,(392) 217-0777
3,Marcellus Hoeger,(222) 926-0138
5,Elmore Heller MD,1-297-522-2558 x431
6,Patience Keeling II,412-432-7640
7,Emmanuelle Breitenberg,(707) 341-7157 x98757
[9],Merl Glover III,1-602-620-2330 x3723
10,Al,686-561-4711 x308
11,Annalise Orn,222.752.6773 x113
13,Dr. Leilani Mertz,777.380.7540
14,Dortha Wiegand,989.272.6045
16,Mr. Onie Spinka,699-582-5703 x5420
17,Rebekah Hodkiewicz,(311) 542-6559 x86081
18,Victor Kovacek,(368) 630-0443 x43210
20,Andre Jerde,(958) 349-8093 x50712
21,Jovani Nienow,941-758-7258 x0683
22,Gay Mayert,258.896.1072
23,Kevin Stark,315.906.2450 x6575
24,Dario Rau MD,(638) 455-9446 x08412
25,Aric O'Kon,978.529.4671 x523
